Model,RMSE_mean,RMSE_std,MAE_mean,MAE_std,MAPE_mean,MAPE_std,R2_mean,R2_std
LightGBM,231.47873841350957,23.29238422081649,171.9101241414039,19.006869587550053,19.964990259603148,1.7463209593296896,0.22303321610725332,0.18408064910362737
XGBoost,239.01271349174243,44.17947538211896,175.8747836154201,35.395636301750656,20.399456923154577,2.345841081481462,0.14562771218216158,0.39639752541045253
Gradient Boosting,239.1294608454641,42.56659201302798,178.49732017609307,37.43369146105265,20.550075214039904,2.223277435784435,0.1456996450989138,0.3889119104709905
Random Forest,261.92827721892775,100.747679519209,188.95315222556286,73.42241901612253,21.382130694392327,5.098375472051233,-0.14612454796882857,1.0912673162971351
