Model,RMSE_mean,RMSE_std,MAE_mean,MAE_std,MAPE_mean,MAPE_std,R2_mean,R2_std
Random Forest,562.417588802582,58.29384716148302,349.874865984517,32.636206563532255,24.442397955141573,3.927664439298886,0.4046598963064462,0.1705566495104451
XGBoost,588.4132812561213,66.34760272417246,367.9733633774978,47.69298192207997,25.760186160641855,5.021869080840256,0.34638487615635105,0.1992150441666262
LightGBM,593.2990545473677,78.0733367211803,373.5388617063517,58.13432980385103,26.04850237311148,5.344837619685542,0.32723685915880346,0.24102482146125584
Gradient Boosting,623.8088220313648,77.87155783849697,397.5169937021416,51.050598427516455,27.8928759470471,5.468288910073762,0.2705414019405921,0.20822791416858027
