model,rmse,mae,r2,mape
RandomForestRegressor,469.2831034185728,253.85530363268083,0.4899268924984842,18.231811647738752
LinearRegression,475.30513204767834,255.7377676724311,0.4767519739282696,18.350469259043976
