Segment,Model,N_Rows,N_Rows_OOF,Eval_Scope,Forecast_Horizon,RMSE,MAE,MAPE,R2
dust,Unified,522,419,OOF_TimeSeriesCV,t_plus_1_week,176.25156634717175,134.80950709231428,15.76956531575501,0.29382276245593375
high_grown,Unified,515,420,OOF_TimeSeriesCV,t_plus_1_week,233.92800529282326,170.70157804943267,19.15232179640877,0.21561096606391728
low_grown,Unified,1347,1139,OOF_TimeSeriesCV,t_plus_1_week,395.4697904099752,222.13027662054503,13.342901530678608,0.7270821734663268
off_grade,Unified,498,422,OOF_TimeSeriesCV,t_plus_1_week,149.8602518076484,113.17504969592343,16.050895905138425,0.25290314665680724
