Segment,Model,N_Rows,RMSE,MAE,MAPE,R2
dust,Unified,523,52.46210160022876,35.17074569789675,4.07914528749253,0.9358059601508446
high_grown,Unified,516,77.65054548172188,54.05749354005168,6.109432254773532,0.9116303807307562
low_grown,Unified,1348,49.24242110135619,25.767224076821623,1.5883721247146412,0.9956799038085674
off_grade,Unified,499,48.49364685552608,34.16432865731463,4.853370007851121,0.9177864034492756
