Segment,Model_Type,Model,N_Rows_OOF,RMSE,MAE,MAPE,R2,Forecast_Horizon
dust,Unified,Random Forest,949,190.67268486450686,148.07811275862647,16.838254685548378,0.13851859871024708,t_plus_1_week
high_grown,Segment-Specific,LightGBM,1735,232.41435942656835,171.91012414140394,19.964990259603145,0.23522254600837866,t_plus_1_week
high_grown,Unified,Random Forest,1119,262.81010172551777,186.26424326567087,21.73481665303392,-0.002644924317794617,t_plus_1_week
low_grown,Segment-Specific,Random Forest,3120,564.8292505598655,349.87486598451704,24.44239795514157,0.4217721530392208,t_plus_1_week
low_grown,Unified,Random Forest,2595,685.7485764592303,464.36250426134916,31.78129207820567,0.18432152302446525,t_plus_1_week
off_grade,Unified,Random Forest,982,175.62736218419212,142.5794791884023,19.440427922826164,-0.05629461608008168,t_plus_1_week
