Model,RMSE_mean,RMSE_std,MAE_mean,MAE_std,MAPE_mean,MAPE_std,R2_mean,R2_std
Random Forest,221.7360347789168,44.08987029871763,135.07038082038082,19.496713063798545,12.181135135490797,1.4847554478357947,0.8727661309176495,0.0534650498860651
Gradient Boosting,242.26292164484803,21.95030164468291,158.21218048978665,12.610893290947367,14.578936388638457,1.4818964807417778,0.8514776927381342,0.029225414399606933
LightGBM,272.0150362077313,84.0514470372054,154.48265632499698,29.698535412557547,13.494636934605808,1.5163063066697324,0.8014209398868808,0.1184313213569996
XGBoost,284.60285760023737,62.668138682632,152.90328244786252,16.825193430932373,13.246288111276272,0.9992225750467275,0.7916999895888237,0.08337836001811685
