Model,RMSE_mean,RMSE_std,MAE_mean,MAE_std,MAPE_mean,MAPE_std,R2_mean,R2_std,Forecast_Horizon
XGBoost,298.91832616323325,69.097648756761,178.7275426228841,26.428666456698267,15.259360807168495,1.624384581882083,0.7682180040159042,0.1032096219381639,t_plus_1_week
Random Forest,304.4743094530379,80.33027797376712,171.01965286044975,25.020955866159824,14.18398335934478,1.315856399125293,0.7563230605719597,0.12369606560172751,t_plus_1_week
Gradient Boosting,316.5722390302878,55.62627994529032,195.023698770374,19.980248941405794,16.674822473109014,1.5535874352282848,0.7443165998292207,0.08492462757228225,t_plus_1_week
LightGBM,321.58190272303426,70.97851595394853,194.05010775469543,31.611881656689324,16.236613272879005,1.9134567348759448,0.7302852660814672,0.11638937078408026,t_plus_1_week
