segment,n_folds,n_obs,rmse_unified_mean,rmse_segment_mean,pct_improvement_rmse,r2_unified_mean,r2_segment_mean,paired_t_pvalue,dm_pvalue,better_model
dust,5,421,150.25768785141406,153.71768582313257,-2.3027094461482798,0.46430974776645934,0.4313724051679845,0.4266588902360743,0.18421321546899058,unified
high_grown,5,420,251.03986409376094,251.12618053385512,-0.03438355912347908,0.11339797836640701,0.10692348114601416,0.9818064532886794,0.8459204569681629,unified
low_grown,5,1138,258.1693439748959,259.2560926488299,-0.42094412032113954,0.8683219366054026,0.8718412580937646,0.9075282908414476,0.5094103528810804,unified
off_grade,5,426,143.72607871378355,144.29294015223658,-0.3944040243259407,0.2890993690128124,0.2857010322438162,0.6640948558837968,0.5941951435244814,unified
