Model,RMSE_mean,RMSE_std,MAE_mean,MAE_std,MAPE_mean,MAPE_std,R2_mean,R2_std,Forecast_Horizon,RMSE_rank,R2_rank,RMSE_cv_pct,R2_cv_pct
Random Forest,482.6553928339592,102.38927640480327,300.08672530441703,73.49434171649985,25.130862124798828,6.2924705122853934,0.3614727682830181,0.3587674534986382,t_plus_1_week,1,1,21.21374337156256,99.25158545214067
LightGBM,496.50302783516634,97.89869371618629,307.4326399408672,68.51901124034755,25.80683577575723,5.795794174215674,0.3294829310378266,0.3460088797138053,t_plus_1_week,2,2,19.717642839569468,105.0157222481675
XGBoost,508.09708669199534,106.29409244763758,313.14241076216854,78.15031948098239,26.328573986023137,7.063864755788279,0.2911779443985766,0.38615129797018977,t_plus_1_week,3,3,20.92003580254186,132.6169462346398
Gradient Boosting,525.1770894656572,100.78579711201493,320.7509512790883,61.72951703416778,27.004216881179453,5.920412224917192,0.25337718761447664,0.3754948986877802,t_plus_1_week,4,4,19.190821369332713,148.1960164697662
