Segment,Model,N_Rows,N_Rows_OOF,Eval_Scope,Forecast_Horizon,RMSE,MAE,MAPE,R2
dust,Unified,1179,949,OOF_TimeSeriesCV,t_plus_1_week,190.67268486450686,148.07811275862647,16.838254685548378,0.13851859871024708
high_grown,Unified,1427,1119,OOF_TimeSeriesCV,t_plus_1_week,262.81010172551777,186.26424326567087,21.73481665303392,-0.002644924317794617
low_grown,Unified,3010,2595,OOF_TimeSeriesCV,t_plus_1_week,685.7485764592303,464.36250426134916,31.78129207820567,0.18432152302446525
off_grade,Unified,1159,982,OOF_TimeSeriesCV,t_plus_1_week,175.62736218419212,142.5794791884023,19.440427922826164,-0.05629461608008168
